[
    {
    	"serverType" 		: "jboss",
		"pluginName" 		: "Local JBoss Instance",
		"host"   			: "10.11.1.163",
		"port"   			: "9990",
		"jmsServers" 		: "all",
		"queueObjName" 		: "jboss.as:subsystem=messaging,hornetq-server=*,jms-queue=*,*",
		"topicObjName" 		: "jboss.as:subsystem=messaging,hornetq-server=*,jms-topic=*,*",
		"ignoreJMSServers" 	: "",
		"ignoreQueues" 		: "DeadLetter,ExpiryQueue",
		"ignoreTopics" 		: "",
		"user"   			: "adminAnymarket",
		"passwd" 			: "!@#Mudar"
    }
]
